Lynde,Caulder,lcaulder0@friendfeed.com,121-958-1184,6,5,Balabag,43157,2531 Shelley Plaza,2
Homer,Fargie,hfargie1@csmonitor.com,749-317-5587,44,4,Batulayang,38967,1067 South Place,1
Dulcea,Ladell,dladell2@usatoday.com,329-496-5575,16,12,Bajera,46364,614 Heath Drive,3
Kendre,Rosenblath,krosenblath3@webmd.com,134-569-0053,31,12,Iradan,32336,0 Old Gate Center,3
Chrissy,Ingarfill,cingarfill4@yale.edu,551-340-6647,23,22,eMbalenhle,34867,219 Crownhardt Terrace,1
Hazel,Rothschild,hrothschild5@hatena.ne.jp,983-956-1825,8,21,Novopokrovka,30865,7 Warner Circle,1
Liz,Bourget,lbourget6@netscape.com,791-147-5791,11,16,Jinzhou,31121,03082 Shopko Terrace,3
Gregorius,De Rye Barrett,gderyebarrett7@goo.gl,239-714-6131,30,45,Žitenice,42848,79948 Artisan Way,1
Simonne,Annetts,sannetts8@bbc.co.uk,666-374-4130,38,28,Mont-Dore,36809,69 Tony Alley,2
Oren,Imason,oimason9@mysql.com,725-300-6314,34,43,Cabcaben,49298,15160 Crownhardt Way,3
Jay,Mattsson,jmattssona@shutterfly.com,693-509-3984,10,40,Nankou,34835,9174 Ilene Plaza,1
Halsy,Shaudfurth,hshaudfurthb@amazon.co.uk,226-262-3313,27,15,Ubud,44636,7461 Meadow Vale Plaza,1
Emilee,Freire,efreirec@liveinternet.ru,531-341-1316,7,47,Sucun,46916,719 Garrison Hill,3
Fanchon,Vedstra,fvedstrad@paypal.com,350-865-8057,34,11,Emiliano Zapata,41395,3563 Bunker Hill Plaza,2
Brewer,Norgate,bnorgatee@reference.com,793-349-2178,26,45,Chư Sê,42021,9 Harbort Crossing,2
Mareah,Coarser,mcoarserf@yahoo.com,815-348-0727,20,3,Yuci,41336,57562 Karstens Parkway,3
Francine,Lawlie,flawlieg@latimes.com,450-973-9407,27,49,Randusari,41367,2 Pepper Wood Street,2
Otes,Lambertini,olambertinih@hexun.com,240-629-3682,11,28,Dolores,48447,77 Toban Junction,2
Genevieve,Measor,gmeasori@domainmarket.com,675-769-6473,18,41,Ploso Wetan,48334,4 Killdeer Pass,1
Marijn,Iannuzzi,miannuzzij@homestead.com,401-734-0302,19,4,Annacotty,34292,7489 Columbus Drive,2
Chad,Bazylets,cbazyletsk@hc360.com,760-553-0256,39,38,Arteche,34410,075 5th Avenue,2
Clari,Fitzjohn,cfitzjohnl@blogspot.com,836-856-9344,11,10,Zabierzów,42229,11 Mesta Parkway,2
Annabela,Durden,adurdenm@tripod.com,567-708-4567,18,44,Cihambali,45858,20 South Terrace,2
Demetria,Tryhorn,dtryhornn@xrea.com,883-805-2604,27,10,Hushan,40555,05 Stuart Street,1
Chicky,Downse,cdownseo@dropbox.com,902-556-2339,43,2,Banjar Pedawa,30233,9 Kinsman Junction,1
Alard,Blackett,ablackettp@clickbank.net,913-272-0514,25,22,Alto de São Sebastião,45950,772 Esch Terrace,1
Jonah,Brougham,jbroughamq@joomla.org,283-770-3985,33,39,Klippan,48184,531 Fairview Street,1
Eula,Cowup,ecowupr@google.com.br,262-728-6415,27,11,Saint-Tite,47552,854 Manufacturers Plaza,2
Cinnamon,Lorent,clorents@imdb.com,904-984-5474,28,7,Ulan Us,36803,2 Macpherson Drive,1
Tilda,Edgerley,tedgerleyt@nbcnews.com,429-677-3501,43,10,Bantul,46743,21307 Sauthoff Road,2
Almire,Canellas,acanellasu@java.com,364-123-1079,1,12,Hexi,32186,896 Talisman Parkway,3
Neron,Rappa,nrappav@gnu.org,679-789-9447,21,47,Libouchec,31926,9667 Sachs Lane,3
Genni,Morpeth,gmorpethw@w3.org,792-673-8409,24,49,Muramatsu,40230,78 Dottie Place,1
Winny,Longfut,wlongfutx@nba.com,684-171-1446,9,10,Salcedo,30158,6 Birchwood Terrace,2
Sabine,Sisse,ssissey@redcross.org,505-444-1343,39,6,Batawa,38210,4803 Farmco Terrace,1
Seline,Shepton,ssheptonz@businesswire.com,121-945-5359,36,47,Caihua,41681,62511 Loomis Alley,3
Marchall,Phlippsen,mphlippsen10@fc2.com,294-100-1958,26,18,Chemodanovka,40489,97 Superior Way,3
Saul,Aarons,saarons11@skype.com,728-347-8275,41,14,Fréjus,43887,56560 Sauthoff Street,2
Aube,Christiensen,achristiensen12@newsvine.com,779-127-9390,47,27,Boca de Parita,46826,99531 Fair Oaks Alley,3
Aline,MacKowle,amackowle13@nydailynews.com,363-915-6731,14,19,Markaryd,46073,48 Dexter Place,1
Samara,Bricksey,sbricksey14@a8.net,269-790-0312,10,50,Patía,34432,4855 Declaration Drive,3
Correy,Rainer,crainer15@ebay.com,689-494-0631,43,18,Medellín,31749,7780 Prairie Rose Lane,2
Trevor,Thunders,tthunders16@yellowpages.com,838-132-3146,18,7,Sulūq,30677,50 Knutson Circle,3
Rhys,Colling,rcolling17@webnode.com,767-357-2422,48,3,Ambo Village,35320,93917 Graedel Way,1
Gerek,Littrik,glittrik18@fda.gov,800-251-4862,8,32,Qingliu,34447,98831 Ridgeway Circle,2
Geneva,Fedder,gfedder19@ameblo.jp,393-486-8829,2,7,Clones,39033,1 Sundown Avenue,1
Heinrik,Van Der Weedenburg,hvanderweedenburg1a@sun.com,785-319-1708,34,22,Revava,35041,441 Atwood Pass,3
Loraine,Nolton,lnolton1b@icio.us,758-545-3721,46,9,La Paz,44336,27423 Bluestem Lane,2
Florentia,Goold,fgoold1c@parallels.com,340-836-4716,44,47,Nova Pazova,49094,506 Schiller Trail,1
Malva,Aaronsohn,maaronsohn1d@ft.com,653-111-6829,5,36,Dniprovka,48698,0263 Bashford Avenue,2
Granthem,Bonnette,gbonnette1e@stanford.edu,612-156-4962,43,26,Ülken,32258,0 Nobel Pass,2
Josh,Humberstone,jhumberstone1f@abc.net.au,862-623-0245,4,3,Kadubera,30268,6 Fulton Drive,3
Georas,McKendry,gmckendry1g@google.fr,425-279-1689,3,44,Bellevue,38356,1781 Hauk Alley,3
Hettie,Klageman,hklageman1h@t-online.de,611-122-5268,8,9,Estrada,48554,7 Dennis Way,2
Tommy,Keefe,tkeefe1i@theguardian.com,210-352-0013,38,11,San Antonio,49459,9964 Scofield Road,3
Biddie,Gauden,bgauden1j@netlog.com,992-307-8719,43,24,Vose’,36282,8004 Grim Terrace,2
Chico,Poxon,cpoxon1k@abc.net.au,975-382-4658,23,10,Kakanj,34243,11900 Hudson Terrace,1
Sybila,Farbrother,sfarbrother1l@amazon.com,480-819-4001,42,25,Chancay,41745,781 Browning Park,2
Garrard,Churn,gchurn1m@bravesites.com,107-458-4184,22,24,Pulilan,45274,78683 Kenwood Way,3
Stephana,Skyrm,sskyrm1n@yolasite.com,367-756-4772,39,33,Bishkek,39755,579 Lakeland Center,2
Vernon,Pledger,vpledger1o@independent.co.uk,663-947-3584,13,23,Yancheng,48116,52193 Porter Park,2
Lyssa,Doornbos,ldoornbos1p@list-manage.com,746-734-9115,50,33,Oued Laou,43560,6970 Burrows Center,3
Adella,Steckings,asteckings1q@biglobe.ne.jp,752-943-6032,10,27,Duotian,46471,551 Stuart Parkway,2
Leisha,Valenta,lvalenta1r@taobao.com,678-844-5588,43,12,Kinnegad,37727,11 Dawn Point,1
Neile,McBrady,nmcbrady1s@xinhuanet.com,451-887-6759,23,17,Živinice,39904,62 Melby Trail,3
Cordell,Fincher,cfincher1t@wired.com,520-522-7628,6,14,Longqiao,37901,459 Linden Pass,2
Garik,Kybird,gkybird1u@plala.or.jp,219-555-4306,4,27,Beringin,43763,7111 Beilfuss Way,2
George,Gyves,ggyves1v@tamu.edu,336-627-5092,43,16,Tysmenytsya,49253,8 Cardinal Crossing,1
Cyndi,Von Helmholtz,cvonhelmholtz1w@php.net,940-220-6508,25,16,Denton,30990,7884 Trailsway Alley,2
Bobinette,Ranger,branger1x@parallels.com,998-498-0436,25,45,Francisco Villa,41787,776 Thackeray Street,1
Gordan,Wintour,gwintour1y@globo.com,775-819-0141,25,10,Carson City,32850,4 Fallview Road,2
Linea,Ewert,lewert1z@ed.gov,212-876-6700,42,5,Shatalovo,36902,9133 Reinke Drive,3
Kinna,Gorsse,kgorsse20@kickstarter.com,930-303-6230,28,5,Jiangtou,46718,49 La Follette Park,2
Ennis,Santorini,esantorini21@alibaba.com,395-546-4489,14,49,Itapetinga,33348,531 Muir Place,3
Estella,Baldock,ebaldock22@etsy.com,307-926-0649,14,42,Erdaocha,38664,9 Rowland Point,3
Kev,Grcic,kgrcic23@cmu.edu,793-748-8330,18,15,Pedreira,42347,93 Fieldstone Pass,3
Paddy,Lunbech,plunbech24@sun.com,483-634-7119,46,21,Confey,33049,5550 Burning Wood Pass,1
Tallie,Alliker,talliker25@apache.org,853-872-2550,33,15,Shuishaping,44459,126 Bluejay Park,3
Roz,Largent,rlargent26@ibm.com,734-548-0866,15,35,Dearborn,47928,2 7th Crossing,3
Simonette,Fooks,sfooks27@cbc.ca,480-177-9099,6,45,Seia,47639,6 Briar Crest Place,2
Arnold,Synnot,asynnot28@angelfire.com,426-893-2991,38,27,Kaom,31257,5409 Bayside Alley,3
Fairfax,Langcaster,flangcaster29@booking.com,181-903-5414,48,19,Bendo,46389,07 Tennessee Junction,1
Thorny,Shobbrook,tshobbrook2a@msn.com,363-596-2965,9,29,Bima,48373,772 Tomscot Terrace,2
Clem,Valder,cvalder2b@ted.com,506-438-5912,28,48,Jiufang,30685,511 Alpine Hill,1
Glad,Scholler,gscholler2c@nydailynews.com,725-843-3668,18,4,Godong,47351,98408 Haas Point,2
Malia,Chewter,mchewter2d@zdnet.com,648-351-2876,42,37,Shuangxing,34399,8 High Crossing Lane,2
Dotty,Pinch,dpinch2e@prnewswire.com,111-920-0051,9,22,General Vedia,40729,54186 Cambridge Terrace,3
Harp,Murton,hmurton2f@un.org,212-595-7767,38,34,Bethal,35228,185 Russell Trail,1
Virgil,Greatbach,vgreatbach2g@skyrock.com,590-249-6862,45,49,Xiashixiang,41884,4 Redwing Lane,3
Tracee,Bernardez,tbernardez2h@friendfeed.com,629-704-0778,26,33,Baishi,33119,82448 Oakridge Point,2
Abelard,Vasilischev,avasilischev2i@alibaba.com,458-520-1111,25,29,Punta Arenas,43836,056 Algoma Trail,1
Bancroft,Elmar,belmar2j@wisc.edu,468-198-1122,48,12,Jinshan,47308,6712 Shopko Drive,2
Christoforo,Magowan,cmagowan2k@ameblo.jp,878-441-2306,32,9,Kingston,38860,6093 Nova Parkway,2
Aubree,Hummerston,ahummerston2l@canalblog.com,188-383-1254,2,40,Bamusso,30159,5403 Golf Course Place,2
Tersina,Judgkins,tjudgkins2m@fema.gov,109-495-1172,29,3,Marathókampos,45315,10297 Anderson Road,1
Lindsy,Gossart,lgossart2n@storify.com,144-364-2155,41,27,Isla,42908,344 Bartillon Point,2
Henriette,Arrundale,harrundale2o@discovery.com,788-311-1462,50,45,Shirbīn,32842,880 Jay Crossing,1
Correy,Follis,cfollis2p@ucsd.edu,841-710-2080,1,10,Yimnón,40688,85424 Union Drive,1
Richard,Laden,rladen2q@is.gd,832-316-2727,22,24,Arbais,45348,606 Mallard Street,2
Meade,Gerin,mgerin2r@java.com,336-131-8779,18,27,Waiwukak,48227,83 Northview Trail,3
